"champion","matchduration","kills","deaths","assists","goldearned","killingsprees","physicaldamagedealttochampions","magicdamagedealttochampions","physicaldamagetaken","magicdamagetaken","truedamagedealttochampions","truedamagetaken","wardsplaced","wardskilled","minionskilled","neutralminionskilled"
"Aatrox",2003.22963011286,6.25096222845587,5.96255463500554,7.44732206928045,12028.0579294148,1.44464740035227,11200.9054732859,6811.34196620784,22150.9553134582,9459.47798290821,642.367669123883,1047.82438515233,7.3916759084089,0.933720399243264,130.230608650271,37.1643942853415
"Ahri",2033.8751507686,7.32306823722637,5.76371031898786,9.00780147304129,11862.6612133344,1.70459619678189,1418.21519490851,16260.920856109,9668.10630790156,9236.21131983473,6341.49119768009,635.881502296815,9.14761208201812,0.912733851720687,167.362832653271,6.38930376985655
"Akali",2007.73126344912,10.0226867506917,7.58432216415616,6.32991085152167,11862.8131570858,2.30771595450354,5929.78149400553,14162.1698739625,16478.605287427,10593.3332923455,577.228588994774,1034.59538887181,7.53784199200738,0.804611128189364,134.67832769751,10.9639717184138
"Alistar",2008.63893173019,1.61752856378458,5.58594315570804,14.5099776525762,8773.96446444871,0.27265430738724,1553.91676371534,5480.56570457335,17149.2931446917,10462.6670391237,165.639875987536,1294.04927449561,22.0990840703786,2.50095999496396,40.1833905133612,0.9315570803563
"Amumu",2048.8443486129,4.89948597501107,5.62508903990913,12.0270681323759,11754.0466087827,1.15416899293456,1377.32791713994,14838.1825462526,19650.0994936758,9794.7114529388,424.96268987159,1127.39416283234,8.18445218797528,1.77673603757965,47.8666615328341,68.8037464143388
"Anivia",2038.51336271568,6.83941297824456,5.06582895723931,8.62293698424606,11979.0872093023,1.54585521380345,986.761299699925,22131.3838147037,12596.5373218305,11406.8319111028,491.214600525131,865.07394036009,9.36759189797449,0.843445236309077,169.76701987997,9.94987809452363
"Annie",2019.09532645251,6.8174301287255,6.73099849240404,9.20535776411922,11082.9376087209,1.55716108083034,969.246816653137,19400.6610344428,9168.40552012061,8607.12797170358,627.883474428853,667.175727704975,12.4103096370173,1.22032935173374,118.913313232054,4.00658703467471
"Ashe",2041.50826041987,7.09992172867805,6.62245268778129,9.70451178262936,12315.3594890001,1.67258826489252,19165.6886618399,2736.62698124284,11266.0036060716,6970.68251195035,225.919478377547,594.372347860118,5.96222011013893,0.855547479942974,172.736644955693,8.73048108908954
"Azir",2011.51036630869,5.68407903702021,6.91706953051491,7.60251127478018,11448.828526005,1.32701729340385,1879.79137600986,20574.4601732585,10209.5751922391,9072.83838940982,187.842542422374,685.717919600273,8.20041530125564,0.961552188442945,175.802699458162,9.17948801142079
"Bard",2028.52001220955,2.47575260406731,5.90850471212179,14.4622076385974,9499.94826204739,0.494257697737418,2809.83566713724,8179.40440306765,10982.0707772139,8590.13659429967,315.470830630699,681.808157503148,22.0901598687474,2.97435995268801,20.2932198862986,0.839101072150788
"Blitzcrank",2017.27980550744,2.57106764336676,6.24209079497243,14.0371744553732,9452.65466448445,0.497417888865937,3240.68580871721,7307.86511051436,13457.1959226479,9537.0652519346,276.772090953872,793.960831360336,22.6173708547185,2.27569796450193,30.5489727170165,0.817750623679151
"Brand",2074.94947652965,6.95222260362138,6.91751051231443,9.82781258045139,11352.8961426242,1.62338024543036,1139.00626448125,25446.1825066506,9991.77456448983,8927.53492662834,611.536986183815,672.873873680597,13.5626877199005,1.34602677422123,113.359478245945,5.44125976143482
"Braum",2006.89224284452,1.67137709662694,5.83968998572303,15.2483513495139,8840.31189844896,0.281120402474675,1769.51873002923,6612.98730611967,14601.5719918806,10066.4689354428,142.271573283607,1002.34192865398,22.5748958363684,2.73013606829638,39.3188815399707,0.54679836446102
"Caitlyn",2044.74648910674,6.96385542168675,5.82245453461009,8.26990771366293,12568.6314402525,1.62718922494659,20744.8644334313,2556.36384240834,11105.826466984,6993.31436999122,314.206294123388,604.91004522139,5.74506848275189,0.992549857395378,192.343400605121,9.67825577738497
"Cassiopeia",2041.84049519132,7.37098424391242,7.10906486597094,7.35113566605279,11610.6337221199,1.72150603642316,969.38612645795,21683.0923879681,10550.9905872724,9784.56752608963,475.466339267444,767.9021894823,8.45805197462656,0.699918150194393,158.343769183548,8.3561489666462
"Cho'Gath",2054.45014056869,6.47653729315647,5.44085737466745,7.32647785807279,11912.2771939093,1.49142436649748,1705.54814241778,14158.2685333686,18496.415253118,11110.3914224797,3827.69331496821,1249.06828430725,8.61006811449273,0.63559689805468,172.540293213079,13.5857657691655
"Corki",2053.39596293557,7.60408056727716,5.58198111976334,8.4769652412233,12663.5673641624,1.75151172401792,11454.00778701,11947.1029712446,12866.3093922652,7970.41658328621,1383.80275808065,694.189541914995,6.20646452342628,1.00622090746944,192.250358898508,10.3509809892548
"Darius",2016.61250166128,7.49661099543703,6.99654454436716,6.80463385460506,11783.0813361095,1.74097372967705,16689.7339299163,254.606343862136,22001.4211225801,12486.1488060958,3268.89031143401,1616.51331236433,8.06600806272981,0.602932707216586,169.968590794312,7.65436583528995
"Diana",2001.76844879063,8.2379576690157,6.63630649469956,7.37257793518597,12398.7386768848,1.92093461784864,1904.48411077131,19024.7803309601,13143.8297574007,7798.79326475601,576.222159097777,848.360502363137,8.16602400609218,1.23627748431626,119.456164102068,42.1350554219198
"Draven",1998.46114468845,8.07637708902415,6.52543393629148,7.38792936571097,13514.1671864582,1.86767900544168,23026.1335900028,502.981481083174,12179.2621254813,7573.12393263502,287.949476265244,702.353709160519,5.14199987094831,0.775170455767535,181.87525003764,11.1487965930355
"Dr. Mundo",2053.90101229212,4.72769342010123,5.73073029645698,8.90708604483008,11174.3066522054,1.09182935647144,4082.29175704989,15973.1567606652,23245.1412147505,11911.8716558207,291.223065798988,1970.04743311641,7.99775849602314,0.661677512653651,149.998698481562,11.2297180043384
"Ekko",2029.58516822661,7.08103831391825,6.46256144367383,8.46101272641573,11682.6667901151,1.68103158036496,2815.65053980652,15064.2970843714,17655.2669966108,9588.84931429982,593.326869122169,995.906661728728,8.09241801898862,1.4028572711153,106.356193746773,33.9786995264067
"Elise",1994.24334570853,6.80485464384596,6.28652781273597,8.41119745784042,11538.1057292978,1.63030140951422,1540.50913981878,14745.7298955449,16157.8239994966,8327.34215328467,659.98481940599,787.495610999245,8.38377800151019,2.52712056380569,43.5026271079789,63.8516706519003
"Evelynn",1988.52655035918,7.62767922591995,6.11652250403167,9.60756487318575,11893.2638616039,1.77261398621903,5865.05283682744,11598.5604456825,18916.5577188096,7780.94437765724,1248.53936372966,907.051634657675,8.81891218296438,1.51306260079167,45.343527342032,64.4059815276352
"Ezreal",2062.12230990923,7.69884450669324,5.55930993616505,9.09027123117946,12479.6513723166,1.77440945942306,17323.6682198939,9041.85161742128,11809.5909849974,7551.94614431546,424.500929242869,645.895682387481,6.02483367899372,0.816050313787809,180.08439949363,8.61650550812077
"Fiddlesticks",2028.37481302087,5.29496402877698,6.62661158202151,9.79364627110193,10889.2234489636,1.23634161977349,452.489849704395,16508.4178360282,19280.976351592,8295.61022864876,475.284493197521,640.90811311347,9.03319324738229,2.15186266828122,53.1641854832965,47.3218890234347
"Fiora",1983.48613845994,7.2046844232563,6.73546481500674,6.21338998859985,11825.9386983107,1.66734894807752,14786.8621877915,1051.41012021971,19848.8093325733,9484.11265416105,4210.74248626801,1027.38125712509,7.75673644937299,0.637604933153695,173.276557156182,10.2740180329568
"Fizz",2031.06326717263,9.50955505992972,6.98801405580604,6.58909230942028,11821.2969529708,2.22726762190524,3371.72469232867,16078.6039182966,12512.0464194599,9264.85236590023,824.90648717167,892.194149832325,7.85613657879114,0.891789547999936,124.69170290262,16.8092838919821
"Galio",2038.26513115803,4.99334612923864,6.04555342290467,11.9108125399872,11373.8339091491,1.1531669865643,839.499040307102,20044.6921305182,15907.8135636596,9280.52821497121,363.613947536788,1187.88278950736,9.38682021753039,0.690850927703135,151.763787587972,5.49545745361484
"Gangplank",2057.05859909819,6.36512167071323,5.55661841216525,8.41519560415488,13715.9830774567,1.4730279851768,14852.2373719856,5759.80476094854,16582.7600540353,9306.75915953194,2907.03105204549,924.390459847752,7.86593402581281,0.613738841526863,208.146753317877,7.80313623833951
"Garen",2028.25606731283,7.18301152407845,5.36443944134931,6.29792795543005,11848.4374189117,1.65702510875372,15161.4920628864,3089.42558955964,20761.1813897581,10638.7678585057,2172.05061817904,1778.5217507441,8.16971304281462,0.712317789819125,177.202758910173,6.23446920552545
"Gnar",2027.97259492304,5.4009900990099,6.04187100953086,8.53980444773449,11296.7094321582,1.26311649856574,17239.5966348971,3594.92375312298,17060.4182320101,10203.1962462601,175.609419820487,1297.98969803522,8.27022608802936,0.694719471947195,166.620986397705,5.38097220937047
"Gragas",2024.23382824253,4.1740139969913,5.38504807377853,10.8251030152397,10644.4913009353,0.968899208581333,1858.95307083524,11487.9586630911,21797.009778272,9886.59591863431,441.214369808359,1178.34351494539,9.44613774609196,2.19085617110341,49.4480999411341,52.9532997579959
"Graves",2027.02870007688,7.67941208771095,5.84306475820917,7.82845846908519,12781.6450744957,1.79013068785006,20360.3399348391,1403.4085551122,12337.3642786543,7331.41058681407,306.829190613903,723.086008712523,6.09746677892887,1.00779734231431,197.386901929202,10.8920818537907
"Hecarim",2011.76392083072,6.7701233535438,5.70977071572932,9.0164819848073,12021.1281970869,1.57035333472716,12894.7753850443,3823.86354449787,23447.5329988152,10332.1402885218,1041.39807652101,1321.63450414663,8.15900062722141,1.1926963551467,106.428566450624,44.0037981740888
"Heimerdinger",2061.45423820993,5.58554113899464,6.45520938544014,7.82410069147696,11731.2906922539,1.30522103954627,1375.64027659079,25731.6371688292,9350.18798073188,9038.05830937767,324.341348768549,660.683901794732,8.39930852303628,0.542420946313418,177.824217232538,4.42183979488773
"Irelia",1995.97650020137,7.28330648409182,5.81341119613371,6.90372533225936,11840.7387031816,1.6745871929118,13453.1049536851,2931.65881997584,19402.0600684656,9974.00193314539,2942.75565847765,1260.06691502215,8.25358437374144,0.719774466371325,173.356786145791,8.09434152235199
"Janna",1993.66577575839,0.935854603768542,4.39548903440391,15.5270019451497,9111.29028761489,0.134809271385511,1407.30476487446,3240.35854603769,8683.44555807979,7075.15736409937,60.6627615187017,459.3801505635,25.4549571621602,3.54945283383076,13.6984572438267,0.236610390960251
"Jarvan IV",2000.99282839371,5.96663007683864,6.15870228076595,12.0176119038907,11706.6990852543,1.38412001463593,13346.5949506037,1711.52377119161,18822.0551286742,8656.99068179046,711.201414806684,1066.24964020002,8.10474448103427,1.70459812172216,90.4172703988291,41.817050859861
"Jax",2032.41651622029,7.04591561354203,6.83701539206015,6.29365891790281,12132.5594557874,1.66055575201474,12621.1510171416,4969.03681438329,18148.327383722,8741.80435146755,635.827839714121,1126.22423644587,8.44067449608219,0.946062647732137,124.445550819855,37.2110219806808
"Jayce",2032.85084852957,7.36144197322652,6.4041319700643,7.8453146410878,12099.1518393591,1.72188257615685,20171.7458627596,4005.60693580689,13054.8669758617,8656.40191841467,376.680562875514,867.063560661958,8.34789712237799,0.8077369031306,176.433435227153,8.75281964793929
"Jinx",2008.45352646075,7.74382746409601,6.15797265394452,8.35893173322841,12758.7608302184,1.79541609285855,21037.2009197324,1606.24523903207,11135.5967932323,7073.45132303758,319.965271493213,615.137482785756,5.82669191422388,0.957249655715129,192.162772968719,11.4778624827858
"Kalista",1970.22350745716,7.7209378100979,6.53984804277315,7.58672373702217,12248.2413839068,1.78622313719101,19142.1075845318,1483.24877441905,13125.1012751966,7417.16928568255,470.514270057317,688.782890741865,5.01537345043617,1.03961847776182,181.762155837616,12.1847776181519
"Karma",2059.77318228429,3.71326724937741,6,12.3326334293667,10321.556374823,0.814053420577177,1434.49016065238,15850.9645490502,9608.75667757215,7570.70901899507,328.050588407637,566.190683138825,17.5221446359686,1.91938082914205,75.3733580741247,3.05107671273011
"Karthus",2064.75996177735,8.16072623029145,7.80315336837076,9.9911132345915,12809.2116579073,1.98279980888677,376.771333014811,30772.930339226,11978.5621595796,10584.8071667463,228.529479216436,781.340372670807,7.47797419971333,0.568848542761586,176.250071667463,13.3225035833731
"Kassadin",1986.56523034746,7.8611359437392,6.18469515465761,7.27152988855117,11335.8043387568,1.79522021574587,1870.27558257345,18197.7494487157,15121.3500208594,8849.86685738125,530.72107992133,1006.37767447404,7.79128672745694,0.717146433041302,148.732761189582,6.43453125931224
"Katarina",2016.15134078418,9.34805060676478,7.1096234000959,7.70403157389989,11912.3254398584,2.14038582125337,1051.65124857069,21305.5197890155,10689.3902106156,8575.29275939655,662.969200693445,842.842093615138,9.123123455424,0.593190955700638,156.540703035668,3.50248976430231
"Kayle",2015.83163265306,5.51454771097628,6.15995587424159,8.73035024820739,11797.0373690017,1.28357694429123,4156.72869553227,12615.6905681191,15482.8613485935,9253.79943463872,560.828805846663,717.540540540541,9.20208218422504,1.01571980143409,140.954633204633,26.2984693877551
"Kennen",2022.88425671969,5.8171055037484,6.23061802889011,8.53286706893399,10962.4228378131,1.35774364600475,2668.86396050466,19272.2014079356,10848.7061162918,8580.17567196928,308.523861766319,777.780444322545,10.3294477966722,1.14289632473944,140.058420186506,3.11656609983544
"Kha'Zix",2018.54537822181,8.41587608093359,6.31903282679876,6.69801024263286,12290.4116363026,1.95348837209302,16569.0855931492,1039.39572663924,22133.832927546,7884.23973637814,707.339266224498,846.384980270338,7.54105448744858,1.9608345227101,57.1214843422047,68.7744102090505
"Kog'Maw",2083.57544549873,7.60304327701921,6.2249479287202,8.65037028465633,12504.1862994677,1.76857208979403,10461.433117334,15194.3079726915,12960.1771580653,8453.59453830132,2305.13156676695,720.49386716038,6.29049988428604,0.91743809303402,178.379541772738,10.0428141633881
"LeBlanc",2031.7869791393,8.73466099171527,5.95160527560296,6.89044191056697,11419.9634981521,1.99043665598234,1379.22785630463,19175.4034294922,9793.348711751,8864.694008022,713.47797453278,692.57523689419,8.50766293591158,0.951903035398385,140.783353475908,5.52784054087191
"Lee Sin",2002.45378973105,7.03176474528586,6.43904611983789,9.49792678433868,11483.2036842282,1.65156579696554,12584.1216867066,2366.89260140001,20387.8160230432,8701.54285427203,824.569032387715,955.436031751348,17.9180627658506,2.11159192149245,52.2614462270154,56.1097632046086
"Leona",2032.6585271828,2.17651428249055,6.25034319348591,14.3278955187393,9011.5055569137,0.394004926942099,2770.71338172518,6101.69213193674,15130.3952272599,9399.49244974331,188.894700716475,1033.61871673844,21.5717885552024,2.46555841811309,43.0677266487391,0.634964364292833
"Lissandra",2021.24199115522,5.74129004422392,6.35438464027613,9.45297163197066,11780.4243339446,1.33734225002697,1219.54406212922,19635.3858267717,11378.6160608349,9896.46521410851,410.060133750404,815.374015748032,9.07086614173228,0.801154136554848,183.141192967317,5.73400927623773
"Lucian",2025.46419949523,7.40855097114013,6.0910512454735,7.68044277405904,12819.0100406013,1.73935586524745,19928.142625919,1808.2957588061,12438.0655656754,7467.80924229123,252.064152858554,653.678920223856,6.00702293426972,1.03250850433447,201.441964775595,11.0754279600571
"Lulu",1991.0960462514,2.89535621036927,5.42389033942559,12.5353599403208,10080.5687430063,0.622734054457292,1841.12444983215,10146.6535807535,9809.96551659828,7756.0871689668,209.447706079821,586.302051473331,16.8613763521074,2.03086534875047,90.6450205147333,2.62431928384931
"Lux",2067.3682827405,6.62786847931798,5.29820804105366,11.1442568336541,11554.5386223022,1.49083328160242,1481.75288141205,22042.5974920852,7525.32552196495,6543.05447265504,307.419817079479,517.546692325201,10.7072237051752,0.887443871955636,137.515581352039,4.7235396362282
"Malphite",2036.41900371078,4.79299449004835,4.9291015405375,10.6935904644102,10880.1040481277,1.12044304509165,3397.47075227707,13894.4365118633,12455.1723153042,8443.73090070842,227.709288204206,1289.48858652873,9.72741482064545,0.963105813561228,122.627099966266,13.2777915214213
"Malzahar",2059.36944149443,7.03529123437628,6.02902812951012,8.16463796530785,12145.4579963511,1.65817062876127,2991.28791220761,21716.7502110394,9727.65266998883,9432.02249271574,676.14889851047,736.823189826539,9.76382648476432,0.697246956947962,176.383274786918,8.64172317076492
"Maokai",2028.52441201979,3.9537778684761,6.01474414570685,11.3714606397633,10710.3978878629,0.890056629763788,2005.4775266568,14202.2721799908,19582.2310596398,11145.1839191878,172.805265037498,1468.59359216367,8.88123054946176,1.02811081067292,119.26212948319,17.872710575991
"Master Yi",2020.65814370769,8.80738384579833,7.55412826577495,5.8214528450643,13248.9175434304,2.08498491150803,13964.5527689422,1853.66261588234,21595.4360438246,8158.58574613272,3508.0747492048,902.711864176386,7.38008047195715,1.34332436179757,82.1304270994753,74.3156485332898
"Miss Fortune",2058.75659397123,8.2819707695821,6.55443594427952,8.44850422470884,12948.2048698333,1.94473624115095,17787.1652203699,5792.48235898607,12691.7965288879,7865.47051267413,309.901004795615,673.533654944051,7.10296300525234,0.88630395067367,188.504881251427,9.26981045900891
"Mordekaiser",1980.11299335747,6.90233015850701,6.86535690436861,8.74301479633079,11785.0988296489,1.62907250553544,4141.28689417636,16591.1175974414,11952.9753980248,7401.04452957509,360.367940111763,869.779249991214,6.9888588198081,0.686043650933118,159.584929532914,10.3873756721611
"Morgana",2037.21664029062,3.12133582706902,5.99120598496565,13.662266661871,10030.8386415135,0.65359853253246,1432.91804841204,12571.6102758695,10362.9941103478,8097.4864672877,255.556738481459,633.256707909218,20.4204402402618,2.46632557637665,53.8133384886523,1.66274322914793
"Nami",2032.88017502524,1.71491080444295,5.15446283773446,16.1120222759401,9459.68841222729,0.314035678222821,1752.52088369389,7517.68526054894,9261.66870658793,6910.0576787736,113.208469753068,508.762063584346,24.2158134696001,3.09069489917689,14.4301887947125,0.334047305773997
"Nasus",2037.41731227946,5.23825576123169,5.56084530920417,6.76422812309027,11834.7992587774,1.22808366353224,11886.5006801112,6545.66225087232,20926.8566641039,11715.8411496836,167.120389536144,1776.32688706212,6.41760797997122,0.474500758964654,191.180456167327,7.01074378536085
"Nautilus",2015.04577305946,2.78811163574028,6.00938317644582,13.4418212986076,9559.95143003218,0.577636762804126,2764.86824456407,8986.71094102433,14791.7220384349,8816.12423686506,276.43950557878,986.329313404108,17.748323358696,1.95627199181979,58.4185287660521,10.0256834380921
"Nidalee",1977.65136066138,7.10437478470548,6.42104719255942,7.34054426455391,11660.9565621771,1.65535652772993,1258.71215983465,16731.726455391,16892.7404409232,8427.88095074061,469.214398897692,718.259627971064,7.72604202549087,2.12301067860834,71.3332070272132,54.9656906648295
"Nocturne",2017.8908396121,7.50037852842568,6.29572082627348,8.07858971123689,12729.9156422366,1.76228414867155,14043.1382890515,2596.45308050038,22451.2925123472,7826.46951944915,927.276361801074,977.151771873535,7.30397635098598,1.80590504344064,67.0143840801759,74.7963877573092
"Nunu",2006.80382814425,3.74681672554013,5.69251622443112,11.7897806621211,10804.3401790849,0.843916865193461,1406.35036556313,10526.0364741641,22892.7469810236,10381.0421424464,440.497330156905,1143.52172841535,11.5947588926312,1.96212930255483,56.2361784276678,45.739587611928
"Olaf",2022.6848140207,6.53067959354899,6.46831360119325,7.19448121562413,11734.9986762375,1.52788291227743,13603.623846369,410.544047730027,20652.7139181505,10140.6988160716,5819.54723594668,1313.42490910786,7.68039526428638,0.880693576955346,145.722289549734,22.3258506572201
"Orianna",1998.84308293215,5.84440003633391,5.65825688073395,10.1782178217822,11783.8298891816,1.34885094013989,1256.57548369516,18664.3468525752,8550.85112180943,7636.17238168771,355.991779453175,653.166977018803,8.72054682532473,0.951766736306658,177.53601598692,10.4229494050322
"Pantheon",2018.44929680217,8.08616706521299,6.6264540185628,7.89689133871033,11573.8385482106,1.90309244923601,16633.859826531,2325.90013374944,15567.9355368216,9305.76618165606,688.936185303773,1087.59623880355,7.91476512787257,1.00988935273376,104.206805009525,26.8499371782921
"Poppy",2057.96734743794,7.36969548734255,6.56964656964657,6.02482573070808,11570.3908523909,1.71591048061636,6848.06640577229,10984.3775223187,17039.3106273695,8656.16203986792,750.233215115568,1127.91769597652,7.9733398556928,0.993273816803229,102.515714809832,30.6443683502507
"Quinn",2055.66711089289,8.38577540857123,7.20298800589184,6.96906782633093,12474.1867152977,1.97152276074911,20673.1356526619,760.386687241355,13219.8978045872,8572.39706810689,357.482569965631,771.191484884618,7.1581679175142,0.774637020411026,173.673914568282,9.1902223469173
"Rammus",2057.1244072673,4.71202514785018,6.31205711545634,12.6408972241462,11392.3630454473,1.07139432042197,3705.31940966487,12678.5493633118,21153.4258617934,9780.91619159252,575.694283126432,1713.47429271671,7.93899515157973,1.51467845916138,59.4121157227343,50.8148542809953
"Rek'Sai",1990.17370822028,5.15966486776588,5.4458093562718,10.1607382450282,11446.861415069,1.19633859089418,8666.40791317571,3794.04892811354,24855.3362652434,9958.79969587644,1297.50573958675,1154.21315483467,8.63916634365962,2.03187334148305,48.8971943111005,66.9847043740123
"Renekton",1992.124408881,5.85918539988074,5.73854858616816,7.63345768212012,11984.0012203747,1.37382296245961,16812.4347862264,2326.36336657005,22006.2091001123,11164.00026349,276.419808900415,1585.71857881818,8.75783882733085,0.774632847494765,196.484128194816,9.24454645051242
"Rengar",2008.42788326301,8.28067862165963,6.92136075949367,6.98635724331927,12512.9632383966,1.8954641350211,16542.6292721519,1568.99423347398,19853.0466420534,7846.03438818565,659.243917018284,869.081012658228,6.71012658227848,1.87554500703235,81.7274085794655,61.6505450070323
"Riven",1985.92400572417,7.76071790590901,6.51218372985113,5.89823703615368,12330.8730348021,1.80187029197225,19247.5205215352,46.171347365492,15557.8849005227,7944.93153856856,280.159471707113,953.621737920617,8.31866515612267,0.654284181026772,184.802784568601,15.5194780672987
"Rumble",2037.53845711658,6.32547712117728,6.30466773971028,8.65917452287882,11137.3553115659,1.48953782478731,1241.7245918602,22455.9684985054,13905.9739595309,8651.88353644516,161.996895838124,880.875258680156,9.21412968498505,0.582490227638538,152.558461715337,3.44952862727064
"Ryze",1975.25276752768,6.01734317343173,6.77890528905289,6.82158671586716,10997.4056580566,1.38284132841328,1545.54969249692,19511.4814883149,13467.0710947109,9243.80645756457,168.573370233702,871.959717097171,7.55621156211562,0.615313653136531,160.342558425584,6.729950799508
"Sejuani",2062.31801480377,4.37701688055807,5.35827253847383,12.1005910857873,11436.1881889344,1.01304648809841,2139.05846956707,11762.3471430854,22558.3507109005,10622.1377070132,516.066776718675,1255.63283454923,9.26534959263006,1.87123915011449,51.8546780978753,62.0197028595772
"Shaco",2067.8729305741,7.78938584779706,6.56168224299065,7.47409879839786,12169.3074766355,1.84652870493992,8283.51909212283,8917.95176902537,17507.1559746328,7633.10490654206,1476.30457276368,660.660947930574,7.68124165554072,1.83054072096128,67.956041388518,54.6868825100133
"Shen",2006.73674708052,3.86468577135833,4.85029963122311,12.4739935464044,10680.5699715734,0.893285187461586,3451.61666410572,9743.62736247695,17409.2593538722,9453.67272971727,184.522625998771,1446.27819606638,9.86132452366318,0.946450522433927,131.13909803319,5.32394744929318
"Shyvana",2038.77882418948,6.28090810724161,5.82276680158698,8.12922293912556,12846.8528633832,1.48062357231595,7632.8426040957,9476.65220614756,21815.5020638801,8992.70959403679,1173.45431411053,1272.71358153328,7.76870516571154,1.77579850118222,83.1721235923536,75.2476656113493
"Singed",2075.10162983858,4.37815389437392,6.57067857702554,9.09982761322677,11924.1738755681,0.988559786867262,799.331452750353,22552.8758815233,22856.9330825889,11316.5689547093,218.305438019119,1767.90260147312,8.58298072402445,0.452907067857703,202.446168312177,3.58948440683278
"Sion",2084.01088567195,4.60378433831073,6.09534936737718,10.5095178388237,11242.2341274365,1.04633534708766,12026.8387096774,5505.36407158327,20943.1893309016,11779.9682548729,294.717428473726,1555.95127094494,8.53909723013792,0.805539724153653,133.984725863445,16.2987005585319
"Sivir",2039.82064740669,6.83721456665063,5.85218301689256,9.61224922894089,12996.2225460513,1.60251549192156,21633.9728926742,915.585764409609,11827.6874593249,6944.22823349651,266.200135819586,611.679126227328,6.74366882657537,0.959480490082341,204.544664836875,10.0229195551909
"Skarner",2012.14701544671,4.87440813475122,5.20383451059536,10.6944810991229,11564.1177908872,1.13063727392688,7438.28351315687,3840.96840797951,19510.3131258247,8442.90378793759,1172.76977412093,1039.30388884577,7.40697042614298,1.95548397112474,41.9779554451603,70.1432507956221
"Sona",2022.11025237854,2.87210510886656,6.15462516323322,14.8445220264904,9688.63603656424,0.599019268182182,2370.92351357834,10921.7715267969,10108.5840950883,7494.5261572902,179.454228073448,506.522426245236,21.2091250699571,2.13831516669776,21.1378354609173,0.748740772326307
"Soraka",1987.64590365143,0.861190257017198,5.24732973889157,15.2889726617864,8994.64325896053,0.108286211078479,832.526045091249,4894.95172343255,7514.22865617557,6156.34395593156,34.8171802627157,485.635441780271,21.6530925349581,2.60201054954047,15.8925320358275,0.40910884145005
"Swain",2003.85960216239,7.46717052432688,6.19681939851992,8.42287303836666,11143.545058521,1.69962735527214,2007.21356216869,22118.6514459665,16601.4865900383,12842.333543274,710.182071064924,1224.47525324096,7.36592662572823,0.621581903112371,136.533249357057,6.19755419094106
"Syndra",2045.7429141148,7.96695627403504,6.6632958268053,7.4972226178607,12127.1566728386,1.85806865118929,1186.37330864549,22418.9239424583,8859.5216493377,8584.27973223188,661.793904002279,691.760361771827,9.11088164079191,0.815624554906708,178.463822817262,7.63886910696482
"Tahm Kench",2028.23825398609,4.48046596995917,5.65159630919829,10.2456455781548,10331.2807181831,1.01162427738448,2779.78312169907,12126.0246469641,20909.7644054888,11226.4221572961,479.911201008852,1226.2377295826,13.1417138005519,1.8110399420659,73.9557128766029,22.6115044137294
"Talon",2019.55745828172,9.58664286234788,7.44582088464621,7.82711506230416,12602.9416672739,2.2008307221453,23520.1944181301,57.5012023609998,14571.0959338337,9850.6133862858,822.579210085258,954.958646068644,8.10110762952707,0.880711214748962,167.561611892443,10.346097792028
"Taric",2027.23435756268,1.99568484487761,5.81764749646604,14.4186444460978,9089.69451677703,0.36076184807678,2141.39453909679,6067.54177516554,15500.3815192322,11167.7939141433,137.407484562161,1123.27840190462,18.3679785730228,1.74875381296035,49.9265679636932,1.77739751506584
"Teemo",2135.78288648032,6.52508081384294,7.20095075109336,7.11321544019776,11900.0569309755,1.5124928693668,3509.89769918235,23415.4066932877,11925.5247385434,8597.81783609051,591.441871078152,727.792355961209,7.16482220954554,0.971021106674273,158.686404259365,8.2156303479749
"Thresh",2005.77634118491,2.01344974282798,6.28658764563818,15.0566435262376,8999.04371419044,0.355109588625822,1452.24869392993,6864.01068097533,12648.5067753964,9549.08387647659,215.39090651873,745.813300188963,22.7456674851709,2.96945766514081,28.0551934600499,0.451420256464668
"Tristana",2005.02065750134,7.6709006257305,5.74777055256717,7.03261676751109,12454.9042160933,1.78941488709084,17358.0575168379,2870.17251176877,12213.8180409276,7269.35058343396,331.671197670139,636.862048702368,6.17916943800489,1.00935689885638,186.894491117726,10.8609638445295
"Trundle",2022.57832054905,5.315654016956,5.82019580137263,9.07751312071054,11433.1191461445,1.24702260799354,11613.9363645539,3669.37434396447,24843.9890492531,11053.966340331,710.080036334275,1421.78219620509,8.27094267258781,1.15497577714978,109.10123132822,31.9624041178845
"Tryndamere",2015.99597765936,6.71203115392498,6.48795859807338,5.59676675548268,12867.4306210289,1.58551957368313,17020.0795757327,1403.20829063333,24740.4169655667,10659.962364214,741.432619389219,1063.64152490264,7.6923806107809,0.70288481246157,180.286021725763,27.7119542939127
"Twisted Fate",1982.50259762024,6.81848313874458,6.72442880286018,9.18190790086215,12555.2883823995,1.59218293205221,1755.1801016703,20716.3800346349,9698.02858313316,8775.72042530212,336.206543396086,694.952255926112,8.13598867847234,0.809303018453345,167.159190361805,9.51131221719457
"Twitch",2044.99152259847,8.71653093299043,6.83707196266133,7.65728437395818,12368.3921512597,2.0228604086298,19544.9035576511,473.683907224842,13581.293089489,7709.7006715245,3187.11587369624,656.831642615612,5.68752678954136,1.20012382721341,162.585940848693,10.5162166023718
"Udyr",2015.57571883317,5.96615874341178,5.68950581850441,7.50080885038877,12413.9636800083,1.3976934717946,8489.47612586756,4396.04613056411,20500.5865208997,8622.81336429578,1172.05361895319,1030.84089130094,7.48635391118301,1.55656734331785,67.1454887021865,75.7108751239368
"Urgot",2052.72108393919,6.47257105089227,6.73132848645076,7.6226040978189,11288.636483807,1.49041639127561,19566.0254461335,102.648711169861,12391.712161269,7927.68506278916,330.265036351619,966.025115664243,7.35690680766689,0.596827495042961,152.155651024455,5.82253800396563
"Varus",2070.14692342833,7.68956671469234,6.535123168289,8.89608883578733,12657.1734195453,1.80380925607056,21432.6185121411,3498.8779210739,10955.3570299048,7565.81512457392,221.713813824367,616.933408300242,7.04227430860597,0.774607302245493,184.247812489019,8.93702779632428
"Vayne",2008.09653094985,8.14284091750821,6.43189550875287,6.8323893237204,12434.6885805289,1.9103923359917,17340.6327399323,619.880506654157,14078.3822226612,8004.72805115923,4260.13608552875,604.185797881534,5.93532999185205,1.16954643095232,180.871529098047,11.401688847189
"Veigar",2048.72314830727,8.23986557445915,6.35249470126597,7.87791907735197,12488.3352809761,1.89586794218174,846.716894846384,22904.2831242482,8785.21689484638,8483.74823852896,260.686248114414,687.993880200875,8.67289148574593,0.707548070497031,183.991808443604,9.42289625938019
"Vel'Koz",2089.52421402521,6.26577720326855,6.20502285213056,10.2061308342182,11541.1929735469,1.46165920317622,860.782096856101,21903.1574719542,8823.87950694797,7893.00641706292,3713.86145607313,569.158626102211,14.3212686394903,1.33955034393611,129.199806103135,4.55242140252066
"Vi",2026.72491474338,6.59073992839859,6.21034682817077,8.89961652209597,11851.5565382275,1.54997240657148,14038.2507747386,661.986231586693,18304.7820119147,8192.51135575712,1092.25629342427,960.98856641526,7.84305706887037,1.8153079851137,47.6376487568807,68.6201163169141
"Viktor",2028.47485693413,7.02530135151589,6.24020455375624,7.80908316084257,12115.3758918787,1.62513089005236,678.168854255449,23770.9788627785,8249.10288566906,8562.18429319372,436.41397784001,668.83012297577,9.28766589553148,0.874881285766468,188.713624741264,9.1167173992451
"Vladimir",1999.6320783928,6.08850153907801,6.62176930222392,7.33779574886618,11795.4100140247,1.42587836730233,886.220188332149,23390.0040617088,17607.0305083511,11616.4954374078,285.888548895325,1153.81607562428,8.18257654408684,0.580933646613118,188.171812104985,6.97430012931898
"Volibear",2055.87831940232,6.38979707572059,6.07266316542151,10.0940651428853,11241.6757649728,1.48958256281283,8657.13529107183,7005.23879971398,23123.4972261262,11528.8863821289,788.738491505782,1553.01225435806,8.6204354365461,1.20164213329388,77.588973543408,32.9868826589738
"Warwick",2040.91355773371,6.12901755185776,6.10133475166527,9.43811260542512,11957.0084086822,1.43892308081959,5157.96633994377,8851.89491679964,28047.091330446,9452.77061013601,875.208266849024,1089.4628067776,7.09072258946889,1.53648405642935,48.4378846592204,68.7906694020211
"Wukong",2028.26811302203,7.10997566125627,6.00180525781338,8.35400783352944,11977.1933721249,1.66454441417772,18276.2655502007,742.399348817717,17740.8346254896,8522.8645411905,569.241275930433,985.375203494463,8.0038200544801,1.23287825792621,125.922406150771,30.5886107574024
"Xerath",2054.61901608952,7.01251407005231,5.62219426603986,9.16500033106005,11888.1355359862,1.60113884658677,845.951267960008,25982.2774283255,8069.98781699,7554.04111765874,245.78871747335,607.710653512547,8.89180957425677,0.692842481626167,168.925776335827,6.23498642653777
"Xin Zhao",2024.27380513186,7.05014820563054,7.0160418283359,8.26601956568753,11964.1523782869,1.67019476636941,13180.0092994263,4064.03460251632,23307.2620504535,8879.65908888521,1026.10097065147,1026.8862315061,7.75030213594209,1.66304527586602,56.3403132036587,62.1633951174832
"Yasuo",1975.9465505185,7.89195542528975,7.70376266496065,7.42327377144302,12894.8011099043,1.83641557436805,16266.3254578727,5117.31684346778,13910.0988276078,8746.16281076577,634.157700147293,953.990879740526,8.2404966301162,0.721058426197313,199.162862839034,14.8525285287072
"Yorick",2036.12995560998,4.95132404714526,6.25700290831165,8.00198989744375,10940.6785550283,1.13163936935558,12771.856574315,7761.4138986683,18844.8677483545,10279.8043777744,267.770549517833,1343.05954385428,7.80636767181999,0.546762589928058,148.053268023879,8.45936017143732
"Zac",2030.57367504952,4.94051977672409,4.9378788788188,12.1052757937699,11242.7632194946,1.15503271112178,1129.05233779485,14632.3798691555,23580.4534541744,9795.27657403517,638.161634955885,1243.75469659684,8.04189424404298,1.72660704639577,61.7869275553688,51.5747554168417
"Zed",2034.08732849072,8.59730427764326,6.85368845843422,6.17874092009685,12397.2557707829,2.00999192897498,20168.9239225182,1113.93162227603,13828.0009846651,8741.02017756255,871.934317998386,949.521226795803,8.26582728006457,0.741614205004036,180.497336561743,9.45654560129136
"Ziggs",2102.75012049852,6.44419197135578,5.83701714521793,9.07085312951869,12287.5476141293,1.5029263926186,1196.91454933554,26745.1452867865,8452.22832748055,7752.70557047442,413.375335674447,610.94119672244,8.7700199683261,0.706190181092061,188.073194243614,8.06403635612477
"Zilean",2052.4995259665,2.70883809122511,5.26661750763721,13.3645844306331,10102.1092383862,0.567049404824608,1556.18466238281,11437.9643948172,9846.67049404825,8002.05540924892,191.71147161066,536.371326240388,18.3331928789634,2.04719266828189,68.1560096913515,2.10807963762773
"Zyra",2088.8253303833,4.78969084494409,7.05704718052981,11.5842851163069,10804.0094480655,1.04879507265443,1602.47646953298,20298.155594092,9269.79244154757,7899.30628475752,1754.32075584524,539.33869521019,19.2503737367697,2.37445434431621,73.5907432876876,4.00645817138073